ins_code:=ZGRS	ins_info:=http://icid.iachina.cn/front/getCompanyInfos.do?columnid=2015111318230001&comCode=PAYLX&attr=3&informationno=201510140910&zj=03&internetInformationNo=201510140910	ins_branchs:=http://icid.iachina.cn/front/viewAllBranch.do?columnid=2015111318230001&comCode=PAYLX&attr=3&informationno=201510140910&zj=03&internetInformationNo=201510140910	ins_regpros:=http://icid.iachina.cn/front/viewAllPros.do?columnid=2015111318230001&comCode=PAYLX&attr=3&informationno=201510140910&zj=03&internetInformationNo=201510140910	ins_zjs:=http://icid.iachina.cn/front/viewAllZJ.do?columnid=2015111318230001&comCode=PAYLX&attr=3&informationno=201510140910&zj=03&internetInformationNo=201510140910	ins_3rds:=http://icid.iachina.cn/front/viewAllSecond.do?columnid=2015111318230001&comCode=PAYLX&attr=3&informationno=201510140910&zj=03&internetInformationNo=201510140910
ins_code:=PARS	ins_info:=http://icid.iachina.cn/front/getCompanyInfos.do?columnid=2015111318230001&comCode=PAYLX&attr=3&informationno=201510131865&zj=03&internetInformationNo=201510131865	ins_branchs:=http://icid.iachina.cn/front/viewAllBranch.do?columnid=2015111318230001&comCode=PAYLX&attr=3&informationno=201510131865&zj=03&internetInformationNo=201510131865	ins_regpros:=http://icid.iachina.cn/front/viewAllPros.do?columnid=2015111318230001&comCode=PAYLX&attr=3&informationno=201510131865&zj=03&internetInformationNo=201510131865	ins_zjs:=http://icid.iachina.cn/front/viewAllZJ.do?columnid=2015111318230001&comCode=PAYLX&attr=3&informationno=201510131865&zj=03&internetInformationNo=201510131865	ins_3rds:=http://icid.iachina.cn/front/viewAllSecond.do?columnid=2015111318230001&comCode=PAYLX&attr=3&informationno=201510131865&zj=03&internetInformationNo=201510131865
ins_code:=TBSX	ins_info:=http://icid.iachina.cn/front/getCompanyInfos.do?columnid=2015111318230001&comCode=PAYLX&attr=3&informationno=2015102015283329&zj=03&internetInformationNo=2015102015283329	ins_branchs:=http://icid.iachina.cn/front/viewAllBranch.do?columnid=2015111318230001&comCode=PAYLX&attr=3&informationno=2015102015283329&zj=03&internetInformationNo=2015102015283329	ins_regpros:=http://icid.iachina.cn/front/viewAllPros.do?columnid=2015111318230001&comCode=PAYLX&attr=3&informationno=2015102015283329&zj=03&internetInformationNo=2015102015283329	ins_zjs:=http://icid.iachina.cn/front/viewAllZJ.do?columnid=2015111318230001&comCode=PAYLX&attr=3&informationno=2015102015283329&zj=03&internetInformationNo=2015102015283329	ins_3rds:=http://icid.iachina.cn/front/viewAllSecond.do?columnid=2015111318230001&comCode=PAYLX&attr=3&informationno=2015102015283329&zj=03&internetInformationNo=2015102015283329
ins_code:=XHBX	ins_info:=http://icid.iachina.cn/front/getCompanyInfos.do?columnid=2015111318230001&comCode=PAYLX&attr=3&informationno=2015102911583811&zj=03&internetInformationNo=2015102911583811	ins_branchs:=http://icid.iachina.cn/front/viewAllBranch.do?columnid=2015111318230001&comCode=PAYLX&attr=3&informationno=2015102911583811&zj=03&internetInformationNo=2015102911583811	ins_regpros:=http://icid.iachina.cn/front/viewAllPros.do?columnid=2015111318230001&comCode=PAYLX&attr=3&informationno=2015102911583811&zj=03&internetInformationNo=2015102911583811	ins_zjs:=http://icid.iachina.cn/front/viewAllZJ.do?columnid=2015111318230001&comCode=PAYLX&attr=3&informationno=2015102911583811&zj=03&internetInformationNo=2015102911583811	ins_3rds:=http://icid.iachina.cn/front/viewAllSecond.do?columnid=2015111318230001&comCode=PAYLX&attr=3&informationno=2015102911583811&zj=03&internetInformationNo=2015102911583811
ins_code:=TPRS	ins_info:=http://icid.iachina.cn/front/getCompanyInfos.do?columnid=2015111318230001&comCode=PAYLX&attr=3&informationno=2015112309340024&zj=03&internetInformationNo=2015112309340024	ins_branchs:=http://icid.iachina.cn/front/viewAllBranch.do?columnid=2015111318230001&comCode=PAYLX&attr=3&informationno=2015112309340024&zj=03&internetInformationNo=2015112309340024	ins_regpros:=http://icid.iachina.cn/front/viewAllPros.do?columnid=2015111318230001&comCode=PAYLX&attr=3&informationno=2015112309340024&zj=03&internetInformationNo=2015112309340024	ins_zjs:=http://icid.iachina.cn/front/viewAllZJ.do?columnid=2015111318230001&comCode=PAYLX&attr=3&informationno=2015112309340024&zj=03&internetInformationNo=2015112309340024	ins_3rds:=http://icid.iachina.cn/front/viewAllSecond.do?columnid=2015111318230001&comCode=PAYLX&attr=3&informationno=2015112309340024&zj=03&internetInformationNo=2015112309340024
ins_code:=FDSMRS	ins_info:=http://icid.iachina.cn/front/getCompanyInfos.do?columnid=2015111318230001&comCode=PAYLX&attr=3&informationno=2015111009396019&zj=03&internetInformationNo=2015111009396019	ins_branchs:=http://icid.iachina.cn/front/viewAllBranch.do?columnid=2015111318230001&comCode=PAYLX&attr=3&informationno=2015111009396019&zj=03&internetInformationNo=2015111009396019	ins_regpros:=http://icid.iachina.cn/front/viewAllPros.do?columnid=2015111318230001&comCode=PAYLX&attr=3&informationno=2015111009396019&zj=03&internetInformationNo=2015111009396019	ins_zjs:=http://icid.iachina.cn/front/viewAllZJ.do?columnid=2015111318230001&comCode=PAYLX&attr=3&informationno=2015111009396019&zj=03&internetInformationNo=2015111009396019	ins_3rds:=http://icid.iachina.cn/front/viewAllSecond.do?columnid=2015111318230001&comCode=PAYLX&attr=3&informationno=2015111009396019&zj=03&internetInformationNo=2015111009396019
ins_code:=RBJK	ins_info:=http://icid.iachina.cn/front/getCompanyInfos.do?columnid=2015111318230001&comCode=PAYLX&attr=3&informationno=2015110314024584&zj=03&internetInformationNo=2015110314024584	ins_branchs:=http://icid.iachina.cn/front/viewAllBranch.do?columnid=2015111318230001&comCode=PAYLX&attr=3&informationno=2015110314024584&zj=03&internetInformationNo=2015110314024584	ins_regpros:=http://icid.iachina.cn/front/viewAllPros.do?columnid=2015111318230001&comCode=PAYLX&attr=3&informationno=2015110314024584&zj=03&internetInformationNo=2015110314024584	ins_zjs:=http://icid.iachina.cn/front/viewAllZJ.do?columnid=2015111318230001&comCode=PAYLX&attr=3&informationno=2015110314024584&zj=03&internetInformationNo=2015110314024584	ins_3rds:=http://icid.iachina.cn/front/viewAllSecond.do?columnid=2015111318230001&comCode=PAYLX&attr=3&informationno=2015110314024584&zj=03&internetInformationNo=2015110314024584
ins_code:=MSBX	ins_info:=http://icid.iachina.cn/front/getCompanyInfos.do?columnid=2015111318230001&comCode=PAYLX&attr=3&informationno=2015122515260186&zj=03&internetInformationNo=2015122515260186	ins_branchs:=http://icid.iachina.cn/front/viewAllBranch.do?columnid=2015111318230001&comCode=PAYLX&attr=3&informationno=2015122515260186&zj=03&internetInformationNo=2015122515260186	ins_regpros:=http://icid.iachina.cn/front/viewAllPros.do?columnid=2015111318230001&comCode=PAYLX&attr=3&informationno=2015122515260186&zj=03&internetInformationNo=2015122515260186	ins_zjs:=http://icid.iachina.cn/front/viewAllZJ.do?columnid=2015111318230001&comCode=PAYLX&attr=3&informationno=2015122515260186&zj=03&internetInformationNo=2015122515260186	ins_3rds:=http://icid.iachina.cn/front/viewAllSecond.do?columnid=2015111318230001&comCode=PAYLX&attr=3&informationno=2015122515260186&zj=03&internetInformationNo=2015122515260186
ins_code:=YGRS	ins_info:=http://icid.iachina.cn/front/getCompanyInfos.do?columnid=2015111318230001&comCode=PAYLX&attr=3&informationno=201510141507&zj=03&internetInformationNo=201510141507	ins_branchs:=http://icid.iachina.cn/front/viewAllBranch.do?columnid=2015111318230001&comCode=PAYLX&attr=3&informationno=201510141507&zj=03&internetInformationNo=201510141507	ins_regpros:=http://icid.iachina.cn/front/viewAllPros.do?columnid=2015111318230001&comCode=PAYLX&attr=3&informationno=201510141507&zj=03&internetInformationNo=201510141507	ins_zjs:=http://icid.iachina.cn/front/viewAllZJ.do?columnid=2015111318230001&comCode=PAYLX&attr=3&informationno=201510141507&zj=03&internetInformationNo=201510141507	ins_3rds:=http://icid.iachina.cn/front/viewAllSecond.do?columnid=2015111318230001&comCode=PAYLX&attr=3&informationno=201510141507&zj=03&internetInformationNo=201510141507
ins_code:=HZRS	ins_info:=http://icid.iachina.cn/front/getCompanyInfos.do?columnid=2015111318230001&comCode=PAYLX&attr=3&informationno=201510152379&zj=03&internetInformationNo=201510152379	ins_branchs:=http://icid.iachina.cn/front/viewAllBranch.do?columnid=2015111318230001&comCode=PAYLX&attr=3&informationno=201510152379&zj=03&internetInformationNo=201510152379	ins_regpros:=http://icid.iachina.cn/front/viewAllPros.do?columnid=2015111318230001&comCode=PAYLX&attr=3&informationno=201510152379&zj=03&internetInformationNo=201510152379	ins_zjs:=http://icid.iachina.cn/front/viewAllZJ.do?columnid=2015111318230001&comCode=PAYLX&attr=3&informationno=201510152379&zj=03&internetInformationNo=201510152379	ins_3rds:=http://icid.iachina.cn/front/viewAllSecond.do?columnid=2015111318230001&comCode=PAYLX&attr=3&informationno=201510152379&zj=03&internetInformationNo=201510152379
ins_code:=BNRS	ins_info:=http://icid.iachina.cn/front/getCompanyInfos.do?columnid=2015111318230001&comCode=PAYLX&attr=3&informationno=201510081767&zj=03&internetInformationNo=201510081767	ins_branchs:=http://icid.iachina.cn/front/viewAllBranch.do?columnid=2015111318230001&comCode=PAYLX&attr=3&informationno=201510081767&zj=03&internetInformationNo=201510081767	ins_regpros:=http://icid.iachina.cn/front/viewAllPros.do?columnid=2015111318230001&comCode=PAYLX&attr=3&informationno=201510081767&zj=03&internetInformationNo=201510081767	ins_zjs:=http://icid.iachina.cn/front/viewAllZJ.do?columnid=2015111318230001&comCode=PAYLX&attr=3&informationno=201510081767&zj=03&internetInformationNo=201510081767	ins_3rds:=http://icid.iachina.cn/front/viewAllSecond.do?columnid=2015111318230001&comCode=PAYLX&attr=3&informationno=201510081767&zj=03&internetInformationNo=201510081767
ins_code:=GDYMRS	ins_info:=http://icid.iachina.cn/front/getCompanyInfos.do?columnid=2015111318230001&comCode=PAYLX&attr=3&informationno=201510131523&zj=03&internetInformationNo=201510131523	ins_branchs:=http://icid.iachina.cn/front/viewAllBranch.do?columnid=2015111318230001&comCode=PAYLX&attr=3&informationno=201510131523&zj=03&internetInformationNo=201510131523	ins_regpros:=http://icid.iachina.cn/front/viewAllPros.do?columnid=2015111318230001&comCode=PAYLX&attr=3&informationno=201510131523&zj=03&internetInformationNo=201510131523	ins_zjs:=http://icid.iachina.cn/front/viewAllZJ.do?columnid=2015111318230001&comCode=PAYLX&attr=3&informationno=201510131523&zj=03&internetInformationNo=201510131523	ins_3rds:=http://icid.iachina.cn/front/viewAllSecond.do?columnid=2015111318230001&comCode=PAYLX&attr=3&informationno=201510131523&zj=03&internetInformationNo=201510131523
ins_code:=ZYRSBX	ins_info:=http://icid.iachina.cn/front/getCompanyInfos.do?columnid=2015111318230001&comCode=PAYLX&attr=3&informationno=2015111616271544&zj=03&internetInformationNo=2015111616271544	ins_branchs:=http://icid.iachina.cn/front/viewAllBranch.do?columnid=2015111318230001&comCode=PAYLX&attr=3&informationno=2015111616271544&zj=03&internetInformationNo=2015111616271544	ins_regpros:=http://icid.iachina.cn/front/viewAllPros.do?columnid=2015111318230001&comCode=PAYLX&attr=3&informationno=2015111616271544&zj=03&internetInformationNo=2015111616271544	ins_zjs:=http://icid.iachina.cn/front/viewAllZJ.do?columnid=2015111318230001&comCode=PAYLX&attr=3&informationno=2015111616271544&zj=03&internetInformationNo=2015111616271544	ins_3rds:=http://icid.iachina.cn/front/viewAllSecond.do?columnid=2015111318230001&comCode=PAYLX&attr=3&informationno=2015111616271544&zj=03&internetInformationNo=2015111616271544
ins_code:=ZMLTDDHRS	ins_info:=http://icid.iachina.cn/front/getCompanyInfos.do?columnid=2015111318230001&comCode=PAYLX&attr=3&informationno=2015101914201034&zj=03&internetInformationNo=2015101914201034	ins_branchs:=http://icid.iachina.cn/front/viewAllBranch.do?columnid=2015111318230001&comCode=PAYLX&attr=3&informationno=2015101914201034&zj=03&internetInformationNo=2015101914201034	ins_regpros:=http://icid.iachina.cn/front/viewAllPros.do?columnid=2015111318230001&comCode=PAYLX&attr=3&informationno=2015101914201034&zj=03&internetInformationNo=2015101914201034	ins_zjs:=http://icid.iachina.cn/front/viewAllZJ.do?columnid=2015111318230001&comCode=PAYLX&attr=3&informationno=2015101914201034&zj=03&internetInformationNo=2015101914201034	ins_3rds:=http://icid.iachina.cn/front/viewAllSecond.do?columnid=2015111318230001&comCode=PAYLX&attr=3&informationno=2015101914201034&zj=03&internetInformationNo=2015101914201034
ins_code:=YBSH	ins_info:=http://icid.iachina.cn/front/getCompanyInfos.do?columnid=2015111318230001&comCode=PAYLX&attr=3&informationno=2015111714290626&zj=03&internetInformationNo=2015111714290626	ins_branchs:=http://icid.iachina.cn/front/viewAllBranch.do?columnid=2015111318230001&comCode=PAYLX&attr=3&informationno=2015111714290626&zj=03&internetInformationNo=2015111714290626	ins_regpros:=http://icid.iachina.cn/front/viewAllPros.do?columnid=2015111318230001&comCode=PAYLX&attr=3&informationno=2015111714290626&zj=03&internetInformationNo=2015111714290626	ins_zjs:=http://icid.iachina.cn/front/viewAllZJ.do?columnid=2015111318230001&comCode=PAYLX&attr=3&informationno=2015111714290626&zj=03&internetInformationNo=2015111714290626	ins_3rds:=http://icid.iachina.cn/front/viewAllSecond.do?columnid=2015111318230001&comCode=PAYLX&attr=3&informationno=2015111714290626&zj=03&internetInformationNo=2015111714290626
ins_code:=TPYL	ins_info:=http://icid.iachina.cn/front/getCompanyInfos.do?columnid=2015111318230001&comCode=PAYLX&attr=3&informationno=2015101916344955&zj=03&internetInformationNo=2015101916344955	ins_branchs:=http://icid.iachina.cn/front/viewAllBranch.do?columnid=2015111318230001&comCode=PAYLX&attr=3&informationno=2015101916344955&zj=03&internetInformationNo=2015101916344955	ins_regpros:=http://icid.iachina.cn/front/viewAllPros.do?columnid=2015111318230001&comCode=PAYLX&attr=3&informationno=2015101916344955&zj=03&internetInformationNo=2015101916344955	ins_zjs:=http://icid.iachina.cn/front/viewAllZJ.do?columnid=2015111318230001&comCode=PAYLX&attr=3&informationno=2015101916344955&zj=03&internetInformationNo=2015101916344955	ins_3rds:=http://icid.iachina.cn/front/viewAllSecond.do?columnid=2015111318230001&comCode=PAYLX&attr=3&informationno=2015101916344955&zj=03&internetInformationNo=2015101916344955
ins_code:=PAYLX	ins_info:=http://icid.iachina.cn/front/getCompanyInfos.do?columnid=2015111318230001&comCode=PAYLX&attr=3&informationno=2015110614125431&zj=03&internetInformationNo=2015110614125431	ins_branchs:=http://icid.iachina.cn/front/viewAllBranch.do?columnid=2015111318230001&comCode=PAYLX&attr=3&informationno=2015110614125431&zj=03&internetInformationNo=2015110614125431	ins_regpros:=http://icid.iachina.cn/front/viewAllPros.do?columnid=2015111318230001&comCode=PAYLX&attr=3&informationno=2015110614125431&zj=03&internetInformationNo=2015110614125431	ins_zjs:=http://icid.iachina.cn/front/viewAllZJ.do?columnid=2015111318230001&comCode=PAYLX&attr=3&informationno=2015110614125431&zj=03&internetInformationNo=2015110614125431	ins_3rds:=http://icid.iachina.cn/front/viewAllSecond.do?columnid=2015111318230001&comCode=PAYLX&attr=3&informationno=2015110614125431&zj=03&internetInformationNo=2015110614125431
ins_code:=PAJKX	ins_info:=http://icid.iachina.cn/front/getCompanyInfos.do?columnid=2015111318230001&comCode=PAYLX&attr=3&informationno=201510151796&zj=03&internetInformationNo=201510151796	ins_branchs:=http://icid.iachina.cn/front/viewAllBranch.do?columnid=2015111318230001&comCode=PAYLX&attr=3&informationno=201510151796&zj=03&internetInformationNo=201510151796	ins_regpros:=http://icid.iachina.cn/front/viewAllPros.do?columnid=2015111318230001&comCode=PAYLX&attr=3&informationno=201510151796&zj=03&internetInformationNo=201510151796	ins_zjs:=http://icid.iachina.cn/front/viewAllZJ.do?columnid=2015111318230001&comCode=PAYLX&attr=3&informationno=201510151796&zj=03&internetInformationNo=201510151796	ins_3rds:=http://icid.iachina.cn/front/viewAllSecond.do?columnid=2015111318230001&comCode=PAYLX&attr=3&informationno=201510151796&zj=03&internetInformationNo=201510151796
ins_code:=YDRS	ins_info:=http://icid.iachina.cn/front/getCompanyInfos.do?columnid=2015111318230001&comCode=PAYLX&attr=3&informationno=2015110316415852&zj=03&internetInformationNo=2015110316415852	ins_branchs:=http://icid.iachina.cn/front/viewAllBranch.do?columnid=2015111318230001&comCode=PAYLX&attr=3&informationno=2015110316415852&zj=03&internetInformationNo=2015110316415852	ins_regpros:=http://icid.iachina.cn/front/viewAllPros.do?columnid=2015111318230001&comCode=PAYLX&attr=3&informationno=2015110316415852&zj=03&internetInformationNo=2015110316415852	ins_zjs:=http://icid.iachina.cn/front/viewAllZJ.do?columnid=2015111318230001&comCode=PAYLX&attr=3&informationno=2015110316415852&zj=03&internetInformationNo=2015110316415852	ins_3rds:=http://icid.iachina.cn/front/viewAllSecond.do?columnid=2015111318230001&comCode=PAYLX&attr=3&informationno=2015110316415852&zj=03&internetInformationNo=2015110316415852
ins_code:=CCRS	ins_info:=http://icid.iachina.cn/front/getCompanyInfos.do?columnid=2015111318230001&comCode=PAYLX&attr=3&informationno=2015112610064651&zj=03&internetInformationNo=2015112610064651	ins_branchs:=http://icid.iachina.cn/front/viewAllBranch.do?columnid=2015111318230001&comCode=PAYLX&attr=3&informationno=2015112610064651&zj=03&internetInformationNo=2015112610064651	ins_regpros:=http://icid.iachina.cn/front/viewAllPros.do?columnid=2015111318230001&comCode=PAYLX&attr=3&informationno=2015112610064651&zj=03&internetInformationNo=2015112610064651	ins_zjs:=http://icid.iachina.cn/front/viewAllZJ.do?columnid=2015111318230001&comCode=PAYLX&attr=3&informationno=2015112610064651&zj=03&internetInformationNo=2015112610064651	ins_3rds:=http://icid.iachina.cn/front/viewAllSecond.do?columnid=2015111318230001&comCode=PAYLX&attr=3&informationno=2015112610064651&zj=03&internetInformationNo=2015112610064651
ins_code:=MYRS	ins_info:=http://icid.iachina.cn/front/getCompanyInfos.do?columnid=2015111318230001&comCode=PAYLX&attr=3&informationno=2015102009460889&zj=03&internetInformationNo=2015102009460889	ins_branchs:=http://icid.iachina.cn/front/viewAllBranch.do?columnid=2015111318230001&comCode=PAYLX&attr=3&informationno=2015102009460889&zj=03&internetInformationNo=2015102009460889	ins_regpros:=http://icid.iachina.cn/front/viewAllPros.do?columnid=2015111318230001&comCode=PAYLX&attr=3&informationno=2015102009460889&zj=03&internetInformationNo=2015102009460889	ins_zjs:=http://icid.iachina.cn/front/viewAllZJ.do?columnid=2015111318230001&comCode=PAYLX&attr=3&informationno=2015102009460889&zj=03&internetInformationNo=2015102009460889	ins_3rds:=http://icid.iachina.cn/front/viewAllSecond.do?columnid=2015111318230001&comCode=PAYLX&attr=3&informationno=2015102009460889&zj=03&internetInformationNo=2015102009460889
ins_code:=JKRS	ins_info:=http://icid.iachina.cn/front/getCompanyInfos.do?columnid=2015111318230001&comCode=PAYLX&attr=3&informationno=2015101915482984&zj=03&internetInformationNo=2015101915482984	ins_branchs:=http://icid.iachina.cn/front/viewAllBranch.do?columnid=2015111318230001&comCode=PAYLX&attr=3&informationno=2015101915482984&zj=03&internetInformationNo=2015101915482984	ins_regpros:=http://icid.iachina.cn/front/viewAllPros.do?columnid=2015111318230001&comCode=PAYLX&attr=3&informationno=2015101915482984&zj=03&internetInformationNo=2015101915482984	ins_zjs:=http://icid.iachina.cn/front/viewAllZJ.do?columnid=2015111318230001&comCode=PAYLX&attr=3&informationno=2015101915482984&zj=03&internetInformationNo=2015101915482984	ins_3rds:=http://icid.iachina.cn/front/viewAllSecond.do?columnid=2015111318230001&comCode=PAYLX&attr=3&informationno=2015101915482984&zj=03&internetInformationNo=2015101915482984
ins_code:=XTRS	ins_info:=http://icid.iachina.cn/front/getCompanyInfos.do?columnid=2015111318230001&comCode=PAYLX&attr=3&informationno=2015102113381780&zj=03&internetInformationNo=2015102113381780	ins_branchs:=http://icid.iachina.cn/front/viewAllBranch.do?columnid=2015111318230001&comCode=PAYLX&attr=3&informationno=2015102113381780&zj=03&internetInformationNo=2015102113381780	ins_regpros:=http://icid.iachina.cn/front/viewAllPros.do?columnid=2015111318230001&comCode=PAYLX&attr=3&informationno=2015102113381780&zj=03&internetInformationNo=2015102113381780	ins_zjs:=http://icid.iachina.cn/front/viewAllZJ.do?columnid=2015111318230001&comCode=PAYLX&attr=3&informationno=2015102113381780&zj=03&internetInformationNo=2015102113381780	ins_3rds:=http://icid.iachina.cn/front/viewAllSecond.do?columnid=2015111318230001&comCode=PAYLX&attr=3&informationno=2015102113381780&zj=03&internetInformationNo=2015102113381780
ins_code:=GHRS	ins_info:=http://icid.iachina.cn/front/getCompanyInfos.do?columnid=2015111318230001&comCode=PAYLX&attr=3&informationno=201510091515&zj=03&internetInformationNo=201510091515	ins_branchs:=http://icid.iachina.cn/front/viewAllBranch.do?columnid=2015111318230001&comCode=PAYLX&attr=3&informationno=201510091515&zj=03&internetInformationNo=201510091515	ins_regpros:=http://icid.iachina.cn/front/viewAllPros.do?columnid=2015111318230001&comCode=PAYLX&attr=3&informationno=201510091515&zj=03&internetInformationNo=201510091515	ins_zjs:=http://icid.iachina.cn/front/viewAllZJ.do?columnid=2015111318230001&comCode=PAYLX&attr=3&informationno=201510091515&zj=03&internetInformationNo=201510091515	ins_3rds:=http://icid.iachina.cn/front/viewAllSecond.do?columnid=2015111318230001&comCode=PAYLX&attr=3&informationno=201510091515&zj=03&internetInformationNo=201510091515
ins_code:=XFRS	ins_info:=http://icid.iachina.cn/front/getCompanyInfos.do?columnid=2015111318230001&comCode=PAYLX&attr=3&informationno=2015122911090559&zj=03&internetInformationNo=2015122911090559	ins_branchs:=http://icid.iachina.cn/front/viewAllBranch.do?columnid=2015111318230001&comCode=PAYLX&attr=3&informationno=2015122911090559&zj=03&internetInformationNo=2015122911090559	ins_regpros:=http://icid.iachina.cn/front/viewAllPros.do?columnid=2015111318230001&comCode=PAYLX&attr=3&informationno=2015122911090559&zj=03&internetInformationNo=2015122911090559	ins_zjs:=http://icid.iachina.cn/front/viewAllZJ.do?columnid=2015111318230001&comCode=PAYLX&attr=3&informationno=2015122911090559&zj=03&internetInformationNo=2015122911090559	ins_3rds:=http://icid.iachina.cn/front/viewAllSecond.do?columnid=2015111318230001&comCode=PAYLX&attr=3&informationno=2015122911090559&zj=03&internetInformationNo=2015122911090559
ins_code:=LABX	ins_info:=http://icid.iachina.cn/front/getCompanyInfos.do?columnid=2015111318230001&comCode=PAYLX&attr=3&informationno=2015111017436160&zj=03&internetInformationNo=2015111017436160	ins_branchs:=http://icid.iachina.cn/front/viewAllBranch.do?columnid=2015111318230001&comCode=PAYLX&attr=3&informationno=2015111017436160&zj=03&internetInformationNo=2015111017436160	ins_regpros:=http://icid.iachina.cn/front/viewAllPros.do?columnid=2015111318230001&comCode=PAYLX&attr=3&informationno=2015111017436160&zj=03&internetInformationNo=2015111017436160	ins_zjs:=http://icid.iachina.cn/front/viewAllZJ.do?columnid=2015111318230001&comCode=PAYLX&attr=3&informationno=2015111017436160&zj=03&internetInformationNo=2015111017436160	ins_3rds:=http://icid.iachina.cn/front/viewAllSecond.do?columnid=2015111318230001&comCode=PAYLX&attr=3&informationno=2015111017436160&zj=03&internetInformationNo=2015111017436160
ins_code:=ZHBX	ins_info:=http://icid.iachina.cn/front/getCompanyInfos.do?columnid=2015111318230001&comCode=PAYLX&attr=3&informationno=2015110415478297&zj=03&internetInformationNo=2015110415478297	ins_branchs:=http://icid.iachina.cn/front/viewAllBranch.do?columnid=2015111318230001&comCode=PAYLX&attr=3&informationno=2015110415478297&zj=03&internetInformationNo=2015110415478297	ins_regpros:=http://icid.iachina.cn/front/viewAllPros.do?columnid=2015111318230001&comCode=PAYLX&attr=3&informationno=2015110415478297&zj=03&internetInformationNo=2015110415478297	ins_zjs:=http://icid.iachina.cn/front/viewAllZJ.do?columnid=2015111318230001&comCode=PAYLX&attr=3&informationno=2015110415478297&zj=03&internetInformationNo=2015110415478297	ins_3rds:=http://icid.iachina.cn/front/viewAllSecond.do?columnid=2015111318230001&comCode=PAYLX&attr=3&informationno=2015110415478297&zj=03&internetInformationNo=2015110415478297
ins_code:=ZDAL	ins_info:=http://icid.iachina.cn/front/getCompanyInfos.do?columnid=2015111318230001&comCode=PAYLX&attr=3&informationno=2015102616022491&zj=03&internetInformationNo=2015102616022491	ins_branchs:=http://icid.iachina.cn/front/viewAllBranch.do?columnid=2015111318230001&comCode=PAYLX&attr=3&informationno=2015102616022491&zj=03&internetInformationNo=2015102616022491	ins_regpros:=http://icid.iachina.cn/front/viewAllPros.do?columnid=2015111318230001&comCode=PAYLX&attr=3&informationno=2015102616022491&zj=03&internetInformationNo=2015102616022491	ins_zjs:=http://icid.iachina.cn/front/viewAllZJ.do?columnid=2015111318230001&comCode=PAYLX&attr=3&informationno=2015102616022491&zj=03&internetInformationNo=2015102616022491	ins_3rds:=http://icid.iachina.cn/front/viewAllSecond.do?columnid=2015111318230001&comCode=PAYLX&attr=3&informationno=2015102616022491&zj=03&internetInformationNo=2015102616022491
ins_code:=GYASRS	ins_info:=http://icid.iachina.cn/front/getCompanyInfos.do?columnid=2015111318230001&comCode=PAYLX&attr=3&informationno=201510131017&zj=03&internetInformationNo=201510131017	ins_branchs:=http://icid.iachina.cn/front/viewAllBranch.do?columnid=2015111318230001&comCode=PAYLX&attr=3&informationno=201510131017&zj=03&internetInformationNo=201510131017	ins_regpros:=http://icid.iachina.cn/front/viewAllPros.do?columnid=2015111318230001&comCode=PAYLX&attr=3&informationno=201510131017&zj=03&internetInformationNo=201510131017	ins_zjs:=http://icid.iachina.cn/front/viewAllZJ.do?columnid=2015111318230001&comCode=PAYLX&attr=3&informationno=201510131017&zj=03&internetInformationNo=201510131017	ins_3rds:=http://icid.iachina.cn/front/viewAllSecond.do?columnid=2015111318230001&comCode=PAYLX&attr=3&informationno=201510131017&zj=03&internetInformationNo=201510131017
ins_code:=XCRS	ins_info:=http://icid.iachina.cn/front/getCompanyInfos.do?columnid=2015111318230001&comCode=PAYLX&attr=3&informationno=201510131792&zj=03&internetInformationNo=201510131792	ins_branchs:=http://icid.iachina.cn/front/viewAllBranch.do?columnid=2015111318230001&comCode=PAYLX&attr=3&informationno=201510131792&zj=03&internetInformationNo=201510131792	ins_regpros:=http://icid.iachina.cn/front/viewAllPros.do?columnid=2015111318230001&comCode=PAYLX&attr=3&informationno=201510131792&zj=03&internetInformationNo=201510131792	ins_zjs:=http://icid.iachina.cn/front/viewAllZJ.do?columnid=2015111318230001&comCode=PAYLX&attr=3&informationno=201510131792&zj=03&internetInformationNo=201510131792	ins_3rds:=http://icid.iachina.cn/front/viewAllSecond.do?columnid=2015111318230001&comCode=PAYLX&attr=3&informationno=201510131792&zj=03&internetInformationNo=201510131792
ins_code:=JYKL	ins_info:=http://icid.iachina.cn/front/getCompanyInfos.do?columnid=2015111318230001&comCode=PAYLX&attr=3&informationno=201510080901&zj=03&internetInformationNo=201510080901	ins_branchs:=http://icid.iachina.cn/front/viewAllBranch.do?columnid=2015111318230001&comCode=PAYLX&attr=3&informationno=201510080901&zj=03&internetInformationNo=201510080901	ins_regpros:=http://icid.iachina.cn/front/viewAllPros.do?columnid=2015111318230001&comCode=PAYLX&attr=3&informationno=201510080901&zj=03&internetInformationNo=201510080901	ins_zjs:=http://icid.iachina.cn/front/viewAllZJ.do?columnid=2015111318230001&comCode=PAYLX&attr=3&informationno=201510080901&zj=03&internetInformationNo=201510080901	ins_3rds:=http://icid.iachina.cn/front/viewAllSecond.do?columnid=2015111318230001&comCode=PAYLX&attr=3&informationno=201510080901&zj=03&internetInformationNo=201510080901
ins_code:=ZHRSBX	ins_info:=http://icid.iachina.cn/front/getCompanyInfos.do?columnid=2015111318230001&comCode=PAYLX&attr=3&informationno=2015102016223831&zj=03&internetInformationNo=2015102016223831	ins_branchs:=http://icid.iachina.cn/front/viewAllBranch.do?columnid=2015111318230001&comCode=PAYLX&attr=3&informationno=2015102016223831&zj=03&internetInformationNo=2015102016223831	ins_regpros:=http://icid.iachina.cn/front/viewAllPros.do?columnid=2015111318230001&comCode=PAYLX&attr=3&informationno=2015102016223831&zj=03&internetInformationNo=2015102016223831	ins_zjs:=http://icid.iachina.cn/front/viewAllZJ.do?columnid=2015111318230001&comCode=PAYLX&attr=3&informationno=2015102016223831&zj=03&internetInformationNo=2015102016223831	ins_3rds:=http://icid.iachina.cn/front/viewAllSecond.do?columnid=2015111318230001&comCode=PAYLX&attr=3&informationno=2015102016223831&zj=03&internetInformationNo=2015102016223831
ins_code:=TFQQRS	ins_info:=http://icid.iachina.cn/front/getCompanyInfos.do?columnid=2015111318230001&comCode=PAYLX&attr=3&informationno=201510131545&zj=03&internetInformationNo=201510131545	ins_branchs:=http://icid.iachina.cn/front/viewAllBranch.do?columnid=2015111318230001&comCode=PAYLX&attr=3&informationno=201510131545&zj=03&internetInformationNo=201510131545	ins_regpros:=http://icid.iachina.cn/front/viewAllPros.do?columnid=2015111318230001&comCode=PAYLX&attr=3&informationno=201510131545&zj=03&internetInformationNo=201510131545	ins_zjs:=http://icid.iachina.cn/front/viewAllZJ.do?columnid=2015111318230001&comCode=PAYLX&attr=3&informationno=201510131545&zj=03&internetInformationNo=201510131545	ins_3rds:=http://icid.iachina.cn/front/viewAllSecond.do?columnid=2015111318230001&comCode=PAYLX&attr=3&informationno=201510131545&zj=03&internetInformationNo=201510131545
ins_code:=ZYRS	ins_info:=http://icid.iachina.cn/front/getCompanyInfos.do?columnid=2015111318230001&comCode=PAYLX&attr=3&informationno=201510161035&zj=03&internetInformationNo=201510161035	ins_branchs:=http://icid.iachina.cn/front/viewAllBranch.do?columnid=2015111318230001&comCode=PAYLX&attr=3&informationno=201510161035&zj=03&internetInformationNo=201510161035	ins_regpros:=http://icid.iachina.cn/front/viewAllPros.do?columnid=2015111318230001&comCode=PAYLX&attr=3&informationno=201510161035&zj=03&internetInformationNo=201510161035	ins_zjs:=http://icid.iachina.cn/front/viewAllZJ.do?columnid=2015111318230001&comCode=PAYLX&attr=3&informationno=201510161035&zj=03&internetInformationNo=201510161035	ins_3rds:=http://icid.iachina.cn/front/viewAllSecond.do?columnid=2015111318230001&comCode=PAYLX&attr=3&informationno=201510161035&zj=03&internetInformationNo=201510161035
ins_code:=HABZRS	ins_info:=http://icid.iachina.cn/front/getCompanyInfos.do?columnid=2015111318230001&comCode=PAYLX&attr=3&informationno=2015112315283028&zj=03&internetInformationNo=2015112315283028	ins_branchs:=http://icid.iachina.cn/front/viewAllBranch.do?columnid=2015111318230001&comCode=PAYLX&attr=3&informationno=2015112315283028&zj=03&internetInformationNo=2015112315283028	ins_regpros:=http://icid.iachina.cn/front/viewAllPros.do?columnid=2015111318230001&comCode=PAYLX&attr=3&informationno=2015112315283028&zj=03&internetInformationNo=2015112315283028	ins_zjs:=http://icid.iachina.cn/front/viewAllZJ.do?columnid=2015111318230001&comCode=PAYLX&attr=3&informationno=2015112315283028&zj=03&internetInformationNo=2015112315283028	ins_3rds:=http://icid.iachina.cn/front/viewAllSecond.do?columnid=2015111318230001&comCode=PAYLX&attr=3&informationno=2015112315283028&zj=03&internetInformationNo=2015112315283028
ins_code:=ZSXN	ins_info:=http://icid.iachina.cn/front/getCompanyInfos.do?columnid=2015111318230001&comCode=PAYLX&attr=3&informationno=201510091244&zj=03&internetInformationNo=201510091244	ins_branchs:=http://icid.iachina.cn/front/viewAllBranch.do?columnid=2015111318230001&comCode=PAYLX&attr=3&informationno=201510091244&zj=03&internetInformationNo=201510091244	ins_regpros:=http://icid.iachina.cn/front/viewAllPros.do?columnid=2015111318230001&comCode=PAYLX&attr=3&informationno=201510091244&zj=03&internetInformationNo=201510091244	ins_zjs:=http://icid.iachina.cn/front/viewAllZJ.do?columnid=2015111318230001&comCode=PAYLX&attr=3&informationno=201510091244&zj=03&internetInformationNo=201510091244	ins_3rds:=http://icid.iachina.cn/front/viewAllSecond.do?columnid=2015111318230001&comCode=PAYLX&attr=3&informationno=201510091244&zj=03&internetInformationNo=201510091244
ins_code:=LJZGTRS	ins_info:=http://icid.iachina.cn/front/getCompanyInfos.do?columnid=2015111318230001&comCode=PAYLX&attr=3&informationno=2016061214155410&zj=03&internetInformationNo=2016061214155410	ins_branchs:=http://icid.iachina.cn/front/viewAllBranch.do?columnid=2015111318230001&comCode=PAYLX&attr=3&informationno=2016061214155410&zj=03&internetInformationNo=2016061214155410	ins_regpros:=http://icid.iachina.cn/front/viewAllPros.do?columnid=2015111318230001&comCode=PAYLX&attr=3&informationno=2016061214155410&zj=03&internetInformationNo=2016061214155410	ins_zjs:=http://icid.iachina.cn/front/viewAllZJ.do?columnid=2015111318230001&comCode=PAYLX&attr=3&informationno=2016061214155410&zj=03&internetInformationNo=2016061214155410	ins_3rds:=http://icid.iachina.cn/front/viewAllSecond.do?columnid=2015111318230001&comCode=PAYLX&attr=3&informationno=2016061214155410&zj=03&internetInformationNo=2016061214155410
ins_code:=ZHSXRS	ins_info:=http://icid.iachina.cn/front/getCompanyInfos.do?columnid=2015111318230001&comCode=PAYLX&attr=3&informationno=2015120111060056&zj=03&internetInformationNo=2015120111060056	ins_branchs:=http://icid.iachina.cn/front/viewAllBranch.do?columnid=2015111318230001&comCode=PAYLX&attr=3&informationno=2015120111060056&zj=03&internetInformationNo=2015120111060056	ins_regpros:=http://icid.iachina.cn/front/viewAllPros.do?columnid=2015111318230001&comCode=PAYLX&attr=3&informationno=2015120111060056&zj=03&internetInformationNo=2015120111060056	ins_zjs:=http://icid.iachina.cn/front/viewAllZJ.do?columnid=2015111318230001&comCode=PAYLX&attr=3&informationno=2015120111060056&zj=03&internetInformationNo=2015120111060056	ins_3rds:=http://icid.iachina.cn/front/viewAllSecond.do?columnid=2015111318230001&comCode=PAYLX&attr=3&informationno=2015120111060056&zj=03&internetInformationNo=2015120111060056
ins_code:=TKYL	ins_info:=http://icid.iachina.cn/front/getCompanyInfos.do?columnid=2015111318230001&comCode=PAYLX&attr=3&informationno=2015102108570001&zj=03&internetInformationNo=2015102108570001	ins_branchs:=http://icid.iachina.cn/front/viewAllBranch.do?columnid=2015111318230001&comCode=PAYLX&attr=3&informationno=2015102108570001&zj=03&internetInformationNo=2015102108570001	ins_regpros:=http://icid.iachina.cn/front/viewAllPros.do?columnid=2015111318230001&comCode=PAYLX&attr=3&informationno=2015102108570001&zj=03&internetInformationNo=2015102108570001	ins_zjs:=http://icid.iachina.cn/front/viewAllZJ.do?columnid=2015111318230001&comCode=PAYLX&attr=3&informationno=2015102108570001&zj=03&internetInformationNo=2015102108570001	ins_3rds:=http://icid.iachina.cn/front/viewAllSecond.do?columnid=2015111318230001&comCode=PAYLX&attr=3&informationno=2015102108570001&zj=03&internetInformationNo=2015102108570001
ins_code:=CJYL	ins_info:=http://icid.iachina.cn/front/getCompanyInfos.do?columnid=2015111318230001&comCode=PAYLX&attr=3&informationno=2015122114410101&zj=03&internetInformationNo=2015122114410101	ins_branchs:=http://icid.iachina.cn/front/viewAllBranch.do?columnid=2015111318230001&comCode=PAYLX&attr=3&informationno=2015122114410101&zj=03&internetInformationNo=2015122114410101	ins_regpros:=http://icid.iachina.cn/front/viewAllPros.do?columnid=2015111318230001&comCode=PAYLX&attr=3&informationno=2015122114410101&zj=03&internetInformationNo=2015122114410101	ins_zjs:=http://icid.iachina.cn/front/viewAllZJ.do?columnid=2015111318230001&comCode=PAYLX&attr=3&informationno=2015122114410101&zj=03&internetInformationNo=2015122114410101	ins_3rds:=http://icid.iachina.cn/front/viewAllSecond.do?columnid=2015111318230001&comCode=PAYLX&attr=3&informationno=2015122114410101&zj=03&internetInformationNo=2015122114410101
ins_code:=KLJKBX	ins_info:=http://icid.iachina.cn/front/getCompanyInfos.do?columnid=2015111318230001&comCode=PAYLX&attr=3&informationno=2015102613381225&zj=03&internetInformationNo=2015102613381225	ins_branchs:=http://icid.iachina.cn/front/viewAllBranch.do?columnid=2015111318230001&comCode=PAYLX&attr=3&informationno=2015102613381225&zj=03&internetInformationNo=2015102613381225	ins_regpros:=http://icid.iachina.cn/front/viewAllPros.do?columnid=2015111318230001&comCode=PAYLX&attr=3&informationno=2015102613381225&zj=03&internetInformationNo=2015102613381225	ins_zjs:=http://icid.iachina.cn/front/viewAllZJ.do?columnid=2015111318230001&comCode=PAYLX&attr=3&informationno=2015102613381225&zj=03&internetInformationNo=2015102613381225	ins_3rds:=http://icid.iachina.cn/front/viewAllSecond.do?columnid=2015111318230001&comCode=PAYLX&attr=3&informationno=2015102613381225&zj=03&internetInformationNo=2015102613381225
ins_code:=RTRS	ins_info:=http://icid.iachina.cn/front/getCompanyInfos.do?columnid=2015111318230001&comCode=PAYLX&attr=3&informationno=2015112014398127&zj=03&internetInformationNo=2015112014398127	ins_branchs:=http://icid.iachina.cn/front/viewAllBranch.do?columnid=2015111318230001&comCode=PAYLX&attr=3&informationno=2015112014398127&zj=03&internetInformationNo=2015112014398127	ins_regpros:=http://icid.iachina.cn/front/viewAllPros.do?columnid=2015111318230001&comCode=PAYLX&attr=3&informationno=2015112014398127&zj=03&internetInformationNo=2015112014398127	ins_zjs:=http://icid.iachina.cn/front/viewAllZJ.do?columnid=2015111318230001&comCode=PAYLX&attr=3&informationno=2015112014398127&zj=03&internetInformationNo=2015112014398127	ins_3rds:=http://icid.iachina.cn/front/viewAllSecond.do?columnid=2015111318230001&comCode=PAYLX&attr=3&informationno=2015112014398127&zj=03&internetInformationNo=2015112014398127
ins_code:=BDFZRS	ins_info:=http://icid.iachina.cn/front/getCompanyInfos.do?columnid=2015111318230001&comCode=PAYLX&attr=3&informationno=201510161305&zj=03&internetInformationNo=201510161305	ins_branchs:=http://icid.iachina.cn/front/viewAllBranch.do?columnid=2015111318230001&comCode=PAYLX&attr=3&informationno=201510161305&zj=03&internetInformationNo=201510161305	ins_regpros:=http://icid.iachina.cn/front/viewAllPros.do?columnid=2015111318230001&comCode=PAYLX&attr=3&informationno=201510161305&zj=03&internetInformationNo=201510161305	ins_zjs:=http://icid.iachina.cn/front/viewAllZJ.do?columnid=2015111318230001&comCode=PAYLX&attr=3&informationno=201510161305&zj=03&internetInformationNo=201510161305	ins_3rds:=http://icid.iachina.cn/front/viewAllSecond.do?columnid=2015111318230001&comCode=PAYLX&attr=3&informationno=201510161305&zj=03&internetInformationNo=201510161305
ins_code:=JLRS	ins_info:=http://icid.iachina.cn/front/getCompanyInfos.do?columnid=2015111318230001&comCode=PAYLX&attr=3&informationno=201510131133&zj=03&internetInformationNo=201510131133	ins_branchs:=http://icid.iachina.cn/front/viewAllBranch.do?columnid=2015111318230001&comCode=PAYLX&attr=3&informationno=201510131133&zj=03&internetInformationNo=201510131133	ins_regpros:=http://icid.iachina.cn/front/viewAllPros.do?columnid=2015111318230001&comCode=PAYLX&attr=3&informationno=201510131133&zj=03&internetInformationNo=201510131133	ins_zjs:=http://icid.iachina.cn/front/viewAllZJ.do?columnid=2015111318230001&comCode=PAYLX&attr=3&informationno=201510131133&zj=03&internetInformationNo=201510131133	ins_3rds:=http://icid.iachina.cn/front/viewAllSecond.do?columnid=2015111318230001&comCode=PAYLX&attr=3&informationno=201510131133&zj=03&internetInformationNo=201510131133
ins_code:=HHRS	ins_info:=http://icid.iachina.cn/front/getCompanyInfos.do?columnid=2015111318230001&comCode=PAYLX&attr=3&informationno=2015102114211873&zj=03&internetInformationNo=2015102114211873	ins_branchs:=http://icid.iachina.cn/front/viewAllBranch.do?columnid=2015111318230001&comCode=PAYLX&attr=3&informationno=2015102114211873&zj=03&internetInformationNo=2015102114211873	ins_regpros:=http://icid.iachina.cn/front/viewAllPros.do?columnid=2015111318230001&comCode=PAYLX&attr=3&informationno=2015102114211873&zj=03&internetInformationNo=2015102114211873	ins_zjs:=http://icid.iachina.cn/front/viewAllZJ.do?columnid=2015111318230001&comCode=PAYLX&attr=3&informationno=2015102114211873&zj=03&internetInformationNo=2015102114211873	ins_3rds:=http://icid.iachina.cn/front/viewAllSecond.do?columnid=2015111318230001&comCode=PAYLX&attr=3&informationno=2015102114211873&zj=03&internetInformationNo=2015102114211873
ins_code:=QHRS	ins_info:=http://icid.iachina.cn/front/getCompanyInfos.do?columnid=2015111318230001&comCode=PAYLX&attr=3&informationno=2015112010148106&zj=03&internetInformationNo=2015112010148106	ins_branchs:=http://icid.iachina.cn/front/viewAllBranch.do?columnid=2015111318230001&comCode=PAYLX&attr=3&informationno=2015112010148106&zj=03&internetInformationNo=2015112010148106	ins_regpros:=http://icid.iachina.cn/front/viewAllPros.do?columnid=2015111318230001&comCode=PAYLX&attr=3&informationno=2015112010148106&zj=03&internetInformationNo=2015112010148106	ins_zjs:=http://icid.iachina.cn/front/viewAllZJ.do?columnid=2015111318230001&comCode=PAYLX&attr=3&informationno=2015112010148106&zj=03&internetInformationNo=2015112010148106	ins_3rds:=http://icid.iachina.cn/front/viewAllSecond.do?columnid=2015111318230001&comCode=PAYLX&attr=3&informationno=2015112010148106&zj=03&internetInformationNo=2015112010148106
ins_code:=DWRS	ins_info:=http://icid.iachina.cn/front/getCompanyInfos.do?columnid=2015111318230001&comCode=PAYLX&attr=3&informationno=201510101362&zj=03&internetInformationNo=201510101362	ins_branchs:=http://icid.iachina.cn/front/viewAllBranch.do?columnid=2015111318230001&comCode=PAYLX&attr=3&informationno=201510101362&zj=03&internetInformationNo=201510101362	ins_regpros:=http://icid.iachina.cn/front/viewAllPros.do?columnid=2015111318230001&comCode=PAYLX&attr=3&informationno=201510101362&zj=03&internetInformationNo=201510101362	ins_zjs:=http://icid.iachina.cn/front/viewAllZJ.do?columnid=2015111318230001&comCode=PAYLX&attr=3&informationno=201510101362&zj=03&internetInformationNo=201510101362	ins_3rds:=http://icid.iachina.cn/front/viewAllSecond.do?columnid=2015111318230001&comCode=PAYLX&attr=3&informationno=201510101362&zj=03&internetInformationNo=201510101362
ins_code:=HKRS	ins_info:=http://icid.iachina.cn/front/getCompanyInfos.do?columnid=2015111318230001&comCode=PAYLX&attr=3&informationno=201510091351&zj=03&internetInformationNo=201510091351	ins_branchs:=http://icid.iachina.cn/front/viewAllBranch.do?columnid=2015111318230001&comCode=PAYLX&attr=3&informationno=201510091351&zj=03&internetInformationNo=201510091351	ins_regpros:=http://icid.iachina.cn/front/viewAllPros.do?columnid=2015111318230001&comCode=PAYLX&attr=3&informationno=201510091351&zj=03&internetInformationNo=201510091351	ins_zjs:=http://icid.iachina.cn/front/viewAllZJ.do?columnid=2015111318230001&comCode=PAYLX&attr=3&informationno=201510091351&zj=03&internetInformationNo=201510091351	ins_3rds:=http://icid.iachina.cn/front/viewAllSecond.do?columnid=2015111318230001&comCode=PAYLX&attr=3&informationno=201510091351&zj=03&internetInformationNo=201510091351
ins_code:=JXRSBX	ins_info:=http://icid.iachina.cn/front/getCompanyInfos.do?columnid=2015111318230001&comCode=PAYLX&attr=3&informationno=2015120709140572&zj=03&internetInformationNo=2015120709140572	ins_branchs:=http://icid.iachina.cn/front/viewAllBranch.do?columnid=2015111318230001&comCode=PAYLX&attr=3&informationno=2015120709140572&zj=03&internetInformationNo=2015120709140572	ins_regpros:=http://icid.iachina.cn/front/viewAllPros.do?columnid=2015111318230001&comCode=PAYLX&attr=3&informationno=2015120709140572&zj=03&internetInformationNo=2015120709140572	ins_zjs:=http://icid.iachina.cn/front/viewAllZJ.do?columnid=2015111318230001&comCode=PAYLX&attr=3&informationno=2015120709140572&zj=03&internetInformationNo=2015120709140572	ins_3rds:=http://icid.iachina.cn/front/viewAllSecond.do?columnid=2015111318230001&comCode=PAYLX&attr=3&informationno=2015120709140572&zj=03&internetInformationNo=2015120709140572
ins_code:=FXBDXRS	ins_info:=http://icid.iachina.cn/front/getCompanyInfos.do?columnid=2015111318230001&comCode=PAYLX&attr=3&informationno=2015101914201032&zj=03&internetInformationNo=2015101914201032	ins_branchs:=http://icid.iachina.cn/front/viewAllBranch.do?columnid=2015111318230001&comCode=PAYLX&attr=3&informationno=2015101914201032&zj=03&internetInformationNo=2015101914201032	ins_regpros:=http://icid.iachina.cn/front/viewAllPros.do?columnid=2015111318230001&comCode=PAYLX&attr=3&informationno=2015101914201032&zj=03&internetInformationNo=2015101914201032	ins_zjs:=http://icid.iachina.cn/front/viewAllZJ.do?columnid=2015111318230001&comCode=PAYLX&attr=3&informationno=2015101914201032&zj=03&internetInformationNo=2015101914201032	ins_3rds:=http://icid.iachina.cn/front/viewAllSecond.do?columnid=2015111318230001&comCode=PAYLX&attr=3&informationno=2015101914201032&zj=03&internetInformationNo=2015101914201032
ins_code:=ZHRS	ins_info:=http://icid.iachina.cn/front/getCompanyInfos.do?columnid=2015111318230001&comCode=PAYLX&attr=3&informationno=2015102614191921&zj=03&internetInformationNo=2015102614191921	ins_branchs:=http://icid.iachina.cn/front/viewAllBranch.do?columnid=2015111318230001&comCode=PAYLX&attr=3&informationno=2015102614191921&zj=03&internetInformationNo=2015102614191921	ins_regpros:=http://icid.iachina.cn/front/viewAllPros.do?columnid=2015111318230001&comCode=PAYLX&attr=3&informationno=2015102614191921&zj=03&internetInformationNo=2015102614191921	ins_zjs:=http://icid.iachina.cn/front/viewAllZJ.do?columnid=2015111318230001&comCode=PAYLX&attr=3&informationno=2015102614191921&zj=03&internetInformationNo=2015102614191921	ins_3rds:=http://icid.iachina.cn/front/viewAllSecond.do?columnid=2015111318230001&comCode=PAYLX&attr=3&informationno=2015102614191921&zj=03&internetInformationNo=2015102614191921
ins_code:=ZJRS	ins_info:=http://icid.iachina.cn/front/getCompanyInfos.do?columnid=2015111318230001&comCode=PAYLX&attr=3&informationno=201510121736&zj=03&internetInformationNo=201510121736	ins_branchs:=http://icid.iachina.cn/front/viewAllBranch.do?columnid=2015111318230001&comCode=PAYLX&attr=3&informationno=201510121736&zj=03&internetInformationNo=201510121736	ins_regpros:=http://icid.iachina.cn/front/viewAllPros.do?columnid=2015111318230001&comCode=PAYLX&attr=3&informationno=201510121736&zj=03&internetInformationNo=201510121736	ins_zjs:=http://icid.iachina.cn/front/viewAllZJ.do?columnid=2015111318230001&comCode=PAYLX&attr=3&informationno=201510121736&zj=03&internetInformationNo=201510121736	ins_3rds:=http://icid.iachina.cn/front/viewAllSecond.do?columnid=2015111318230001&comCode=PAYLX&attr=3&informationno=201510121736&zj=03&internetInformationNo=201510121736
ins_code:=DHAGRS	ins_info:=http://icid.iachina.cn/front/getCompanyInfos.do?columnid=2015111318230001&comCode=PAYLX&attr=3&informationno=201510130991&zj=03&internetInformationNo=201510130991	ins_branchs:=http://icid.iachina.cn/front/viewAllBranch.do?columnid=2015111318230001&comCode=PAYLX&attr=3&informationno=201510130991&zj=03&internetInformationNo=201510130991	ins_regpros:=http://icid.iachina.cn/front/viewAllPros.do?columnid=2015111318230001&comCode=PAYLX&attr=3&informationno=201510130991&zj=03&internetInformationNo=201510130991	ins_zjs:=http://icid.iachina.cn/front/viewAllZJ.do?columnid=2015111318230001&comCode=PAYLX&attr=3&informationno=201510130991&zj=03&internetInformationNo=201510130991	ins_3rds:=http://icid.iachina.cn/front/viewAllSecond.do?columnid=2015111318230001&comCode=PAYLX&attr=3&informationno=201510130991&zj=03&internetInformationNo=201510130991
ins_code:=CSRS	ins_info:=http://icid.iachina.cn/front/getCompanyInfos.do?columnid=2015111318230001&comCode=PAYLX&attr=3&informationno=201510101663&zj=03&internetInformationNo=201510101663	ins_branchs:=http://icid.iachina.cn/front/viewAllBranch.do?columnid=2015111318230001&comCode=PAYLX&attr=3&informationno=201510101663&zj=03&internetInformationNo=201510101663	ins_regpros:=http://icid.iachina.cn/front/viewAllPros.do?columnid=2015111318230001&comCode=PAYLX&attr=3&informationno=201510101663&zj=03&internetInformationNo=201510101663	ins_zjs:=http://icid.iachina.cn/front/viewAllZJ.do?columnid=2015111318230001&comCode=PAYLX&attr=3&informationno=201510101663&zj=03&internetInformationNo=201510101663	ins_3rds:=http://icid.iachina.cn/front/viewAllSecond.do?columnid=2015111318230001&comCode=PAYLX&attr=3&informationno=201510101663&zj=03&internetInformationNo=201510101663
ins_code:=ZFRS	ins_info:=http://icid.iachina.cn/front/getCompanyInfos.do?columnid=2015111318230001&comCode=PAYLX&attr=3&informationno=2015111710520178&zj=03&internetInformationNo=2015111710520178	ins_branchs:=http://icid.iachina.cn/front/viewAllBranch.do?columnid=2015111318230001&comCode=PAYLX&attr=3&informationno=2015111710520178&zj=03&internetInformationNo=2015111710520178	ins_regpros:=http://icid.iachina.cn/front/viewAllPros.do?columnid=2015111318230001&comCode=PAYLX&attr=3&informationno=2015111710520178&zj=03&internetInformationNo=2015111710520178	ins_zjs:=http://icid.iachina.cn/front/viewAllZJ.do?columnid=2015111318230001&comCode=PAYLX&attr=3&informationno=2015111710520178&zj=03&internetInformationNo=2015111710520178	ins_3rds:=http://icid.iachina.cn/front/viewAllSecond.do?columnid=2015111318230001&comCode=PAYLX&attr=3&informationno=2015111710520178&zj=03&internetInformationNo=2015111710520178
ins_code:=SHRS	ins_info:=http://icid.iachina.cn/front/getCompanyInfos.do?columnid=2015111318230001&comCode=PAYLX&attr=3&informationno=2015102010281361&zj=03&internetInformationNo=2015102010281361	ins_branchs:=http://icid.iachina.cn/front/viewAllBranch.do?columnid=2015111318230001&comCode=PAYLX&attr=3&informationno=2015102010281361&zj=03&internetInformationNo=2015102010281361	ins_regpros:=http://icid.iachina.cn/front/viewAllPros.do?columnid=2015111318230001&comCode=PAYLX&attr=3&informationno=2015102010281361&zj=03&internetInformationNo=2015102010281361	ins_zjs:=http://icid.iachina.cn/front/viewAllZJ.do?columnid=2015111318230001&comCode=PAYLX&attr=3&informationno=2015102010281361&zj=03&internetInformationNo=2015102010281361	ins_3rds:=http://icid.iachina.cn/front/viewAllSecond.do?columnid=2015111318230001&comCode=PAYLX&attr=3&informationno=2015102010281361&zj=03&internetInformationNo=2015102010281361
ins_code:=GLRS	ins_info:=http://icid.iachina.cn/front/getCompanyInfos.do?columnid=2015111318230001&comCode=PAYLX&attr=3&informationno=201510150901&zj=03&internetInformationNo=201510150901	ins_branchs:=http://icid.iachina.cn/front/viewAllBranch.do?columnid=2015111318230001&comCode=PAYLX&attr=3&informationno=201510150901&zj=03&internetInformationNo=201510150901	ins_regpros:=http://icid.iachina.cn/front/viewAllPros.do?columnid=2015111318230001&comCode=PAYLX&attr=3&informationno=201510150901&zj=03&internetInformationNo=201510150901	ins_zjs:=http://icid.iachina.cn/front/viewAllZJ.do?columnid=2015111318230001&comCode=PAYLX&attr=3&informationno=201510150901&zj=03&internetInformationNo=201510150901	ins_3rds:=http://icid.iachina.cn/front/viewAllSecond.do?columnid=2015111318230001&comCode=PAYLX&attr=3&informationno=201510150901&zj=03&internetInformationNo=201510150901
ins_code:=BHRSBX	ins_info:=http://icid.iachina.cn/front/getCompanyInfos.do?columnid=2015111318230001&comCode=PAYLX&attr=3&informationno=2015102114421930&zj=03&internetInformationNo=2015102114421930	ins_branchs:=http://icid.iachina.cn/front/viewAllBranch.do?columnid=2015111318230001&comCode=PAYLX&attr=3&informationno=2015102114421930&zj=03&internetInformationNo=2015102114421930	ins_regpros:=http://icid.iachina.cn/front/viewAllPros.do?columnid=2015111318230001&comCode=PAYLX&attr=3&informationno=2015102114421930&zj=03&internetInformationNo=2015102114421930	ins_zjs:=http://icid.iachina.cn/front/viewAllZJ.do?columnid=2015111318230001&comCode=PAYLX&attr=3&informationno=2015102114421930&zj=03&internetInformationNo=2015102114421930	ins_3rds:=http://icid.iachina.cn/front/viewAllSecond.do?columnid=2015111318230001&comCode=PAYLX&attr=3&informationno=2015102114421930&zj=03&internetInformationNo=2015102114421930
ins_code:=ZHLHRS	ins_info:=http://icid.iachina.cn/front/getCompanyInfos.do?columnid=2015111318230001&comCode=PAYLX&attr=3&informationno=2016061709313944&zj=03&internetInformationNo=2016061709313944	ins_branchs:=http://icid.iachina.cn/front/viewAllBranch.do?columnid=2015111318230001&comCode=PAYLX&attr=3&informationno=2016061709313944&zj=03&internetInformationNo=2016061709313944	ins_regpros:=http://icid.iachina.cn/front/viewAllPros.do?columnid=2015111318230001&comCode=PAYLX&attr=3&informationno=2016061709313944&zj=03&internetInformationNo=2016061709313944	ins_zjs:=http://icid.iachina.cn/front/viewAllZJ.do?columnid=2015111318230001&comCode=PAYLX&attr=3&informationno=2016061709313944&zj=03&internetInformationNo=2016061709313944	ins_3rds:=http://icid.iachina.cn/front/viewAllSecond.do?columnid=2015111318230001&comCode=PAYLX&attr=3&informationno=2016061709313944&zj=03&internetInformationNo=2016061709313944
ins_code:=TBALJKX	ins_info:=http://icid.iachina.cn/front/getCompanyInfos.do?columnid=2015111318230001&comCode=PAYLX&attr=3&informationno=2015102009110774&zj=03&internetInformationNo=2015102009110774	ins_branchs:=http://icid.iachina.cn/front/viewAllBranch.do?columnid=2015111318230001&comCode=PAYLX&attr=3&informationno=2015102009110774&zj=03&internetInformationNo=2015102009110774	ins_regpros:=http://icid.iachina.cn/front/viewAllPros.do?columnid=2015111318230001&comCode=PAYLX&attr=3&informationno=2015102009110774&zj=03&internetInformationNo=2015102009110774	ins_zjs:=http://icid.iachina.cn/front/viewAllZJ.do?columnid=2015111318230001&comCode=PAYLX&attr=3&informationno=2015102009110774&zj=03&internetInformationNo=2015102009110774	ins_3rds:=http://icid.iachina.cn/front/viewAllSecond.do?columnid=2015111318230001&comCode=PAYLX&attr=3&informationno=2015102009110774&zj=03&internetInformationNo=2015102009110774
ins_code:=ZXDDF	ins_info:=http://icid.iachina.cn/front/getCompanyInfos.do?columnid=2015111318230001&comCode=PAYLX&attr=3&informationno=201510141045&zj=03&internetInformationNo=201510141045	ins_branchs:=http://icid.iachina.cn/front/viewAllBranch.do?columnid=2015111318230001&comCode=PAYLX&attr=3&informationno=201510141045&zj=03&internetInformationNo=201510141045	ins_regpros:=http://icid.iachina.cn/front/viewAllPros.do?columnid=2015111318230001&comCode=PAYLX&attr=3&informationno=201510141045&zj=03&internetInformationNo=201510141045	ins_zjs:=http://icid.iachina.cn/front/viewAllZJ.do?columnid=2015111318230001&comCode=PAYLX&attr=3&informationno=201510141045&zj=03&internetInformationNo=201510141045	ins_3rds:=http://icid.iachina.cn/front/viewAllSecond.do?columnid=2015111318230001&comCode=PAYLX&attr=3&informationno=201510141045&zj=03&internetInformationNo=201510141045
