2016072911435614 2016072512502492 01 01	http://icid.iachina.cn/front/viewTerraceProduct.do?columnid=2015111318230001&informationno=2015102911583811&terraceNo=2016072911435614&zj=03&oldTerraceNo=2016072512502492&internetInformationNo=2015102911583811&type=01&comType=01	http://icid.iachina.cn/front/viewAllPro.do?columnid=2015111318230001&informationno=2015102911583811&terraceNo=2016072911435614&zj=03&oldTerraceNo=2016072512502492&internetInformationNo=2015102911583811&type=01&comType=01
2016072911435938 2016072512502492 01 01	http://icid.iachina.cn/front/viewTerraceProduct.do?columnid=2015111318230001&informationno=2015102911583811&terraceNo=2016072911435938&zj=03&oldTerraceNo=2016072512502492&internetInformationNo=2015102911583811&type=01&comType=01	http://icid.iachina.cn/front/viewAllPro.do?columnid=2015111318230001&informationno=2015102911583811&terraceNo=2016072911435938&zj=03&oldTerraceNo=2016072512502492&internetInformationNo=2015102911583811&type=01&comType=01
2016072911435578 2016062311402161 01 01	http://icid.iachina.cn/front/viewTerraceProduct.do?columnid=2015111318230001&informationno=2015102911583811&terraceNo=2016072911435578&zj=03&oldTerraceNo=2016062311402161&internetInformationNo=2015102911583811&type=01&comType=01	http://icid.iachina.cn/front/viewAllPro.do?columnid=2015111318230001&informationno=2015102911583811&terraceNo=2016072911435578&zj=03&oldTerraceNo=2016062311402161&internetInformationNo=2015102911583811&type=01&comType=01
2016072911435902 2016062311402161 01 01	http://icid.iachina.cn/front/viewTerraceProduct.do?columnid=2015111318230001&informationno=2015102911583811&terraceNo=2016072911435902&zj=03&oldTerraceNo=2016062311402161&internetInformationNo=2015102911583811&type=01&comType=01	http://icid.iachina.cn/front/viewAllPro.do?columnid=2015111318230001&informationno=2015102911583811&terraceNo=2016072911435902&zj=03&oldTerraceNo=2016062311402161&internetInformationNo=2015102911583811&type=01&comType=01
2016072911435471 2016062310329718 01 01	http://icid.iachina.cn/front/viewTerraceProduct.do?columnid=2015111318230001&informationno=2015102911583811&terraceNo=2016072911435471&zj=03&oldTerraceNo=2016062310329718&internetInformationNo=2015102911583811&type=01&comType=01	http://icid.iachina.cn/front/viewAllPro.do?columnid=2015111318230001&informationno=2015102911583811&terraceNo=2016072911435471&zj=03&oldTerraceNo=2016062310329718&internetInformationNo=2015102911583811&type=01&comType=01
2016072911435795 2016062310329718 01 01	http://icid.iachina.cn/front/viewTerraceProduct.do?columnid=2015111318230001&informationno=2015102911583811&terraceNo=2016072911435795&zj=03&oldTerraceNo=2016062310329718&internetInformationNo=2015102911583811&type=01&comType=01	http://icid.iachina.cn/front/viewAllPro.do?columnid=2015111318230001&informationno=2015102911583811&terraceNo=2016072911435795&zj=03&oldTerraceNo=2016062310329718&internetInformationNo=2015102911583811&type=01&comType=01
2016072911435570 2016062311402153 01 01	http://icid.iachina.cn/front/viewTerraceProduct.do?columnid=2015111318230001&informationno=2015102911583811&terraceNo=2016072911435570&zj=03&oldTerraceNo=2016062311402153&internetInformationNo=2015102911583811&type=01&comType=01	http://icid.iachina.cn/front/viewAllPro.do?columnid=2015111318230001&informationno=2015102911583811&terraceNo=2016072911435570&zj=03&oldTerraceNo=2016062311402153&internetInformationNo=2015102911583811&type=01&comType=01
2016072911435584 2016062311532597 01 01	http://icid.iachina.cn/front/viewTerraceProduct.do?columnid=2015111318230001&informationno=2015102911583811&terraceNo=2016072911435584&zj=03&oldTerraceNo=2016062311532597&internetInformationNo=2015102911583811&type=01&comType=01	http://icid.iachina.cn/front/viewAllPro.do?columnid=2015111318230001&informationno=2015102911583811&terraceNo=2016072911435584&zj=03&oldTerraceNo=2016062311532597&internetInformationNo=2015102911583811&type=01&comType=01
2016072911435894 2016062311402153 01 01	http://icid.iachina.cn/front/viewTerraceProduct.do?columnid=2015111318230001&informationno=2015102911583811&terraceNo=2016072911435894&zj=03&oldTerraceNo=2016062311402153&internetInformationNo=2015102911583811&type=01&comType=01	http://icid.iachina.cn/front/viewAllPro.do?columnid=2015111318230001&informationno=2015102911583811&terraceNo=2016072911435894&zj=03&oldTerraceNo=2016062311402153&internetInformationNo=2015102911583811&type=01&comType=01
2016072911435908 2016062311532597 01 01	http://icid.iachina.cn/front/viewTerraceProduct.do?columnid=2015111318230001&informationno=2015102911583811&terraceNo=2016072911435908&zj=03&oldTerraceNo=2016062311532597&internetInformationNo=2015102911583811&type=01&comType=01	http://icid.iachina.cn/front/viewAllPro.do?columnid=2015111318230001&informationno=2015102911583811&terraceNo=2016072911435908&zj=03&oldTerraceNo=2016062311532597&internetInformationNo=2015102911583811&type=01&comType=01
2016072911435501 2016062311120936 01 01	http://icid.iachina.cn/front/viewTerraceProduct.do?columnid=2015111318230001&informationno=2015102911583811&terraceNo=2016072911435501&zj=03&oldTerraceNo=2016062311120936&internetInformationNo=2015102911583811&type=01&comType=01	http://icid.iachina.cn/front/viewAllPro.do?columnid=2015111318230001&informationno=2015102911583811&terraceNo=2016072911435501&zj=03&oldTerraceNo=2016062311120936&internetInformationNo=2015102911583811&type=01&comType=01
2016072911435825 2016062311120936 01 01	http://icid.iachina.cn/front/viewTerraceProduct.do?columnid=2015111318230001&informationno=2015102911583811&terraceNo=2016072911435825&zj=03&oldTerraceNo=2016062311120936&internetInformationNo=2015102911583811&type=01&comType=01	http://icid.iachina.cn/front/viewAllPro.do?columnid=2015111318230001&informationno=2015102911583811&terraceNo=2016072911435825&zj=03&oldTerraceNo=2016062311120936&internetInformationNo=2015102911583811&type=01&comType=01
2016072911435710 2015111814465334 01 01	http://icid.iachina.cn/front/viewTerraceProduct.do?columnid=2015111318230001&informationno=2015102911583811&terraceNo=2016072911435710&zj=03&oldTerraceNo=2015111814465334&internetInformationNo=2015102911583811&type=01&comType=01	http://icid.iachina.cn/front/viewAllPro.do?columnid=2015111318230001&informationno=2015102911583811&terraceNo=2016072911435710&zj=03&oldTerraceNo=2015111814465334&internetInformationNo=2015102911583811&type=01&comType=01
2016072911435703 2015111814465326 01 01	http://icid.iachina.cn/front/viewTerraceProduct.do?columnid=2015111318230001&informationno=2015102911583811&terraceNo=2016072911435703&zj=03&oldTerraceNo=2015111814465326&internetInformationNo=2015102911583811&type=01&comType=01	http://icid.iachina.cn/front/viewAllPro.do?columnid=2015111318230001&informationno=2015102911583811&terraceNo=2016072911435703&zj=03&oldTerraceNo=2015111814465326&internetInformationNo=2015102911583811&type=01&comType=01
2016072911435683 2015111814465294 01 01	http://icid.iachina.cn/front/viewTerraceProduct.do?columnid=2015111318230001&informationno=2015102911583811&terraceNo=2016072911435683&zj=03&oldTerraceNo=2015111814465294&internetInformationNo=2015102911583811&type=01&comType=01	http://icid.iachina.cn/front/viewAllPro.do?columnid=2015111318230001&informationno=2015102911583811&terraceNo=2016072911435683&zj=03&oldTerraceNo=2015111814465294&internetInformationNo=2015102911583811&type=01&comType=01
2016072911435637 2015111811322208 01 01	http://icid.iachina.cn/front/viewTerraceProduct.do?columnid=2015111318230001&informationno=2015102911583811&terraceNo=2016072911435637&zj=03&oldTerraceNo=2015111811322208&internetInformationNo=2015102911583811&type=01&comType=01	http://icid.iachina.cn/front/viewAllPro.do?columnid=2015111318230001&informationno=2015102911583811&terraceNo=2016072911435637&zj=03&oldTerraceNo=2015111811322208&internetInformationNo=2015102911583811&type=01&comType=01
2016072911435712 2015111814465336 01 01	http://icid.iachina.cn/front/viewTerraceProduct.do?columnid=2015111318230001&informationno=2015102911583811&terraceNo=2016072911435712&zj=03&oldTerraceNo=2015111814465336&internetInformationNo=2015102911583811&type=01&comType=01	http://icid.iachina.cn/front/viewAllPro.do?columnid=2015111318230001&informationno=2015102911583811&terraceNo=2016072911435712&zj=03&oldTerraceNo=2015111814465336&internetInformationNo=2015102911583811&type=01&comType=01
2016072911435546 2016062311261375 01 01	http://icid.iachina.cn/front/viewTerraceProduct.do?columnid=2015111318230001&informationno=2015102911583811&terraceNo=2016072911435546&zj=03&oldTerraceNo=2016062311261375&internetInformationNo=2015102911583811&type=01&comType=01	http://icid.iachina.cn/front/viewAllPro.do?columnid=2015111318230001&informationno=2015102911583811&terraceNo=2016072911435546&zj=03&oldTerraceNo=2016062311261375&internetInformationNo=2015102911583811&type=01&comType=01
2016072911435870 2016062311261375 01 01	http://icid.iachina.cn/front/viewTerraceProduct.do?columnid=2015111318230001&informationno=2015102911583811&terraceNo=2016072911435870&zj=03&oldTerraceNo=2016062311261375&internetInformationNo=2015102911583811&type=01&comType=01	http://icid.iachina.cn/front/viewAllPro.do?columnid=2015111318230001&informationno=2015102911583811&terraceNo=2016072911435870&zj=03&oldTerraceNo=2016062311261375&internetInformationNo=2015102911583811&type=01&comType=01
2016072911435692 2015111814465306 01 01	http://icid.iachina.cn/front/viewTerraceProduct.do?columnid=2015111318230001&informationno=2015102911583811&terraceNo=2016072911435692&zj=03&oldTerraceNo=2015111814465306&internetInformationNo=2015102911583811&type=01&comType=01	http://icid.iachina.cn/front/viewAllPro.do?columnid=2015111318230001&informationno=2015102911583811&terraceNo=2016072911435692&zj=03&oldTerraceNo=2015111814465306&internetInformationNo=2015102911583811&type=01&comType=01
2016072911435491 2016062310420272 01 01	http://icid.iachina.cn/front/viewTerraceProduct.do?columnid=2015111318230001&informationno=2015102911583811&terraceNo=2016072911435491&zj=03&oldTerraceNo=2016062310420272&internetInformationNo=2015102911583811&type=01&comType=01	http://icid.iachina.cn/front/viewAllPro.do?columnid=2015111318230001&informationno=2015102911583811&terraceNo=2016072911435491&zj=03&oldTerraceNo=2016062310420272&internetInformationNo=2015102911583811&type=01&comType=01
2016072911435815 2016062310420272 01 01	http://icid.iachina.cn/front/viewTerraceProduct.do?columnid=2015111318230001&informationno=2015102911583811&terraceNo=2016072911435815&zj=03&oldTerraceNo=2016062310420272&internetInformationNo=2015102911583811&type=01&comType=01	http://icid.iachina.cn/front/viewAllPro.do?columnid=2015111318230001&informationno=2015102911583811&terraceNo=2016072911435815&zj=03&oldTerraceNo=2016062310420272&internetInformationNo=2015102911583811&type=01&comType=01
2016072911435451 2016062309198699 01 01	http://icid.iachina.cn/front/viewTerraceProduct.do?columnid=2015111318230001&informationno=2015102911583811&terraceNo=2016072911435451&zj=03&oldTerraceNo=2016062309198699&internetInformationNo=2015102911583811&type=01&comType=01	http://icid.iachina.cn/front/viewAllPro.do?columnid=2015111318230001&informationno=2015102911583811&terraceNo=2016072911435451&zj=03&oldTerraceNo=2016062309198699&internetInformationNo=2015102911583811&type=01&comType=01
2016072911435775 2016062309198699 01 01	http://icid.iachina.cn/front/viewTerraceProduct.do?columnid=2015111318230001&informationno=2015102911583811&terraceNo=2016072911435775&zj=03&oldTerraceNo=2016062309198699&internetInformationNo=2015102911583811&type=01&comType=01	http://icid.iachina.cn/front/viewAllPro.do?columnid=2015111318230001&informationno=2015102911583811&terraceNo=2016072911435775&zj=03&oldTerraceNo=2016062309198699&internetInformationNo=2015102911583811&type=01&comType=01
2016072911435658 2015111811322244 01 01	http://icid.iachina.cn/front/viewTerraceProduct.do?columnid=2015111318230001&informationno=2015102911583811&terraceNo=2016072911435658&zj=03&oldTerraceNo=2015111811322244&internetInformationNo=2015102911583811&type=01&comType=01	http://icid.iachina.cn/front/viewAllPro.do?columnid=2015111318230001&informationno=2015102911583811&terraceNo=2016072911435658&zj=03&oldTerraceNo=2015111811322244&internetInformationNo=2015102911583811&type=01&comType=01
2016072911435690 2015111814465304 01 01	http://icid.iachina.cn/front/viewTerraceProduct.do?columnid=2015111318230001&informationno=2015102911583811&terraceNo=2016072911435690&zj=03&oldTerraceNo=2015111814465304&internetInformationNo=2015102911583811&type=01&comType=01	http://icid.iachina.cn/front/viewAllPro.do?columnid=2015111318230001&informationno=2015102911583811&terraceNo=2016072911435690&zj=03&oldTerraceNo=2015111814465304&internetInformationNo=2015102911583811&type=01&comType=01
2016072911435695 2015111814465310 01 01	http://icid.iachina.cn/front/viewTerraceProduct.do?columnid=2015111318230001&informationno=2015102911583811&terraceNo=2016072911435695&zj=03&oldTerraceNo=2015111814465310&internetInformationNo=2015102911583811&type=01&comType=01	http://icid.iachina.cn/front/viewAllPro.do?columnid=2015111318230001&informationno=2015102911583811&terraceNo=2016072911435695&zj=03&oldTerraceNo=2015111814465310&internetInformationNo=2015102911583811&type=01&comType=01
2016072911435667 2015111814465268 01 01	http://icid.iachina.cn/front/viewTerraceProduct.do?columnid=2015111318230001&informationno=2015102911583811&terraceNo=2016072911435667&zj=03&oldTerraceNo=2015111814465268&internetInformationNo=2015102911583811&type=01&comType=01	http://icid.iachina.cn/front/viewAllPro.do?columnid=2015111318230001&informationno=2015102911583811&terraceNo=2016072911435667&zj=03&oldTerraceNo=2015111814465268&internetInformationNo=2015102911583811&type=01&comType=01
2016072911435504 2016062311120939 01 01	http://icid.iachina.cn/front/viewTerraceProduct.do?columnid=2015111318230001&informationno=2015102911583811&terraceNo=2016072911435504&zj=03&oldTerraceNo=2016062311120939&internetInformationNo=2015102911583811&type=01&comType=01	http://icid.iachina.cn/front/viewAllPro.do?columnid=2015111318230001&informationno=2015102911583811&terraceNo=2016072911435504&zj=03&oldTerraceNo=2016062311120939&internetInformationNo=2015102911583811&type=01&comType=01
2016072911435828 2016062311120939 01 01	http://icid.iachina.cn/front/viewTerraceProduct.do?columnid=2015111318230001&informationno=2015102911583811&terraceNo=2016072911435828&zj=03&oldTerraceNo=2016062311120939&internetInformationNo=2015102911583811&type=01&comType=01	http://icid.iachina.cn/front/viewAllPro.do?columnid=2015111318230001&informationno=2015102911583811&terraceNo=2016072911435828&zj=03&oldTerraceNo=2016062311120939&internetInformationNo=2015102911583811&type=01&comType=01
2016072911435953 2016072911002154 01 01	http://icid.iachina.cn/front/viewTerraceProduct.do?columnid=2015111318230001&informationno=2015102911583811&terraceNo=2016072911435953&zj=03&oldTerraceNo=2016072911002154&internetInformationNo=2015102911583811&type=01&comType=01	http://icid.iachina.cn/front/viewAllPro.do?columnid=2015111318230001&informationno=2015102911583811&terraceNo=2016072911435953&zj=03&oldTerraceNo=2016072911002154&internetInformationNo=2015102911583811&type=01&comType=01
2016072911435715 2015111814465340 01 01	http://icid.iachina.cn/front/viewTerraceProduct.do?columnid=2015111318230001&informationno=2015102911583811&terraceNo=2016072911435715&zj=03&oldTerraceNo=2015111814465340&internetInformationNo=2015102911583811&type=01&comType=01	http://icid.iachina.cn/front/viewAllPro.do?columnid=2015111318230001&informationno=2015102911583811&terraceNo=2016072911435715&zj=03&oldTerraceNo=2015111814465340&internetInformationNo=2015102911583811&type=01&comType=01
2016072911435548 2016062311261377 01 01	http://icid.iachina.cn/front/viewTerraceProduct.do?columnid=2015111318230001&informationno=2015102911583811&terraceNo=2016072911435548&zj=03&oldTerraceNo=2016062311261377&internetInformationNo=2015102911583811&type=01&comType=01	http://icid.iachina.cn/front/viewAllPro.do?columnid=2015111318230001&informationno=2015102911583811&terraceNo=2016072911435548&zj=03&oldTerraceNo=2016062311261377&internetInformationNo=2015102911583811&type=01&comType=01
2016072911435617 2016072512502495 01 01	http://icid.iachina.cn/front/viewTerraceProduct.do?columnid=2015111318230001&informationno=2015102911583811&terraceNo=2016072911435617&zj=03&oldTerraceNo=2016072512502495&internetInformationNo=2015102911583811&type=01&comType=01	http://icid.iachina.cn/front/viewAllPro.do?columnid=2015111318230001&informationno=2015102911583811&terraceNo=2016072911435617&zj=03&oldTerraceNo=2016072512502495&internetInformationNo=2015102911583811&type=01&comType=01
2016072911435872 2016062311261377 01 01	http://icid.iachina.cn/front/viewTerraceProduct.do?columnid=2015111318230001&informationno=2015102911583811&terraceNo=2016072911435872&zj=03&oldTerraceNo=2016062311261377&internetInformationNo=2015102911583811&type=01&comType=01	http://icid.iachina.cn/front/viewAllPro.do?columnid=2015111318230001&informationno=2015102911583811&terraceNo=2016072911435872&zj=03&oldTerraceNo=2016062311261377&internetInformationNo=2015102911583811&type=01&comType=01
2016072911435941 2016072512502495 01 01	http://icid.iachina.cn/front/viewTerraceProduct.do?columnid=2015111318230001&informationno=2015102911583811&terraceNo=2016072911435941&zj=03&oldTerraceNo=2016072512502495&internetInformationNo=2015102911583811&type=01&comType=01	http://icid.iachina.cn/front/viewAllPro.do?columnid=2015111318230001&informationno=2015102911583811&terraceNo=2016072911435941&zj=03&oldTerraceNo=2016072512502495&internetInformationNo=2015102911583811&type=01&comType=01
2016072911435645 2015111811322222 01 01	http://icid.iachina.cn/front/viewTerraceProduct.do?columnid=2015111318230001&informationno=2015102911583811&terraceNo=2016072911435645&zj=03&oldTerraceNo=2015111811322222&internetInformationNo=2015102911583811&type=01&comType=01	http://icid.iachina.cn/front/viewAllPro.do?columnid=2015111318230001&informationno=2015102911583811&terraceNo=2016072911435645&zj=03&oldTerraceNo=2015111811322222&internetInformationNo=2015102911583811&type=01&comType=01
2016072911435675 2015111814465280 01 01	http://icid.iachina.cn/front/viewTerraceProduct.do?columnid=2015111318230001&informationno=2015102911583811&terraceNo=2016072911435675&zj=03&oldTerraceNo=2015111814465280&internetInformationNo=2015102911583811&type=01&comType=01	http://icid.iachina.cn/front/viewAllPro.do?columnid=2015111318230001&informationno=2015102911583811&terraceNo=2016072911435675&zj=03&oldTerraceNo=2015111814465280&internetInformationNo=2015102911583811&type=01&comType=01
2016072911435701 2015111814465320 01 01	http://icid.iachina.cn/front/viewTerraceProduct.do?columnid=2015111318230001&informationno=2015102911583811&terraceNo=2016072911435701&zj=03&oldTerraceNo=2015111814465320&internetInformationNo=2015102911583811&type=01&comType=01	http://icid.iachina.cn/front/viewAllPro.do?columnid=2015111318230001&informationno=2015102911583811&terraceNo=2016072911435701&zj=03&oldTerraceNo=2015111814465320&internetInformationNo=2015102911583811&type=01&comType=01
2016072911435563 2016062311402146 01 01	http://icid.iachina.cn/front/viewTerraceProduct.do?columnid=2015111318230001&informationno=2015102911583811&terraceNo=2016072911435563&zj=03&oldTerraceNo=2016062311402146&internetInformationNo=2015102911583811&type=01&comType=01	http://icid.iachina.cn/front/viewAllPro.do?columnid=2015111318230001&informationno=2015102911583811&terraceNo=2016072911435563&zj=03&oldTerraceNo=2016062311402146&internetInformationNo=2015102911583811&type=01&comType=01
2016072911435887 2016062311402146 01 01	http://icid.iachina.cn/front/viewTerraceProduct.do?columnid=2015111318230001&informationno=2015102911583811&terraceNo=2016072911435887&zj=03&oldTerraceNo=2016062311402146&internetInformationNo=2015102911583811&type=01&comType=01	http://icid.iachina.cn/front/viewAllPro.do?columnid=2015111318230001&informationno=2015102911583811&terraceNo=2016072911435887&zj=03&oldTerraceNo=2016062311402146&internetInformationNo=2015102911583811&type=01&comType=01
2016072911435434 2016062306057988 01 01	http://icid.iachina.cn/front/viewTerraceProduct.do?columnid=2015111318230001&informationno=2015102911583811&terraceNo=2016072911435434&zj=03&oldTerraceNo=2016062306057988&internetInformationNo=2015102911583811&type=01&comType=01	http://icid.iachina.cn/front/viewAllPro.do?columnid=2015111318230001&informationno=2015102911583811&terraceNo=2016072911435434&zj=03&oldTerraceNo=2016062306057988&internetInformationNo=2015102911583811&type=01&comType=01
2016072911435740 2016062306057988 01 01	http://icid.iachina.cn/front/viewTerraceProduct.do?columnid=2015111318230001&informationno=2015102911583811&terraceNo=2016072911435740&zj=03&oldTerraceNo=2016062306057988&internetInformationNo=2015102911583811&type=01&comType=01	http://icid.iachina.cn/front/viewAllPro.do?columnid=2015111318230001&informationno=2015102911583811&terraceNo=2016072911435740&zj=03&oldTerraceNo=2016062306057988&internetInformationNo=2015102911583811&type=01&comType=01
2016072911435629 2015111811322194 01 01	http://icid.iachina.cn/front/viewTerraceProduct.do?columnid=2015111318230001&informationno=2015102911583811&terraceNo=2016072911435629&zj=03&oldTerraceNo=2015111811322194&internetInformationNo=2015102911583811&type=01&comType=01	http://icid.iachina.cn/front/viewAllPro.do?columnid=2015111318230001&informationno=2015102911583811&terraceNo=2016072911435629&zj=03&oldTerraceNo=2015111811322194&internetInformationNo=2015102911583811&type=01&comType=01
2016072911435647 2015111811322224 01 01	http://icid.iachina.cn/front/viewTerraceProduct.do?columnid=2015111318230001&informationno=2015102911583811&terraceNo=2016072911435647&zj=03&oldTerraceNo=2015111811322224&internetInformationNo=2015102911583811&type=01&comType=01	http://icid.iachina.cn/front/viewAllPro.do?columnid=2015111318230001&informationno=2015102911583811&terraceNo=2016072911435647&zj=03&oldTerraceNo=2015111811322224&internetInformationNo=2015102911583811&type=01&comType=01
2016072911435541 2016062311261370 01 01	http://icid.iachina.cn/front/viewTerraceProduct.do?columnid=2015111318230001&informationno=2015102911583811&terraceNo=2016072911435541&zj=03&oldTerraceNo=2016062311261370&internetInformationNo=2015102911583811&type=01&comType=01	http://icid.iachina.cn/front/viewAllPro.do?columnid=2015111318230001&informationno=2015102911583811&terraceNo=2016072911435541&zj=03&oldTerraceNo=2016062311261370&internetInformationNo=2015102911583811&type=01&comType=01
2016072911435865 2016062311261370 01 01	http://icid.iachina.cn/front/viewTerraceProduct.do?columnid=2015111318230001&informationno=2015102911583811&terraceNo=2016072911435865&zj=03&oldTerraceNo=2016062311261370&internetInformationNo=2015102911583811&type=01&comType=01	http://icid.iachina.cn/front/viewAllPro.do?columnid=2015111318230001&informationno=2015102911583811&terraceNo=2016072911435865&zj=03&oldTerraceNo=2016062311261370&internetInformationNo=2015102911583811&type=01&comType=01
2016072911435686 2015111814465298 01 01	http://icid.iachina.cn/front/viewTerraceProduct.do?columnid=2015111318230001&informationno=2015102911583811&terraceNo=2016072911435686&zj=03&oldTerraceNo=2015111814465298&internetInformationNo=2015102911583811&type=01&comType=01	http://icid.iachina.cn/front/viewAllPro.do?columnid=2015111318230001&informationno=2015102911583811&terraceNo=2016072911435686&zj=03&oldTerraceNo=2015111814465298&internetInformationNo=2015102911583811&type=01&comType=01
2016072911435432 2016062306057977 01 01	http://icid.iachina.cn/front/viewTerraceProduct.do?columnid=2015111318230001&informationno=2015102911583811&terraceNo=2016072911435432&zj=03&oldTerraceNo=2016062306057977&internetInformationNo=2015102911583811&type=01&comType=01	http://icid.iachina.cn/front/viewAllPro.do?columnid=2015111318230001&informationno=2015102911583811&terraceNo=2016072911435432&zj=03&oldTerraceNo=2016062306057977&internetInformationNo=2015102911583811&type=01&comType=01
2016072911435729 2016062306057977 01 01	http://icid.iachina.cn/front/viewTerraceProduct.do?columnid=2015111318230001&informationno=2015102911583811&terraceNo=2016072911435729&zj=03&oldTerraceNo=2016062306057977&internetInformationNo=2015102911583811&type=01&comType=01	http://icid.iachina.cn/front/viewAllPro.do?columnid=2015111318230001&informationno=2015102911583811&terraceNo=2016072911435729&zj=03&oldTerraceNo=2016062306057977&internetInformationNo=2015102911583811&type=01&comType=01
2016072911435517 2016062311120952 01 01	http://icid.iachina.cn/front/viewTerraceProduct.do?columnid=2015111318230001&informationno=2015102911583811&terraceNo=2016072911435517&zj=03&oldTerraceNo=2016062311120952&internetInformationNo=2015102911583811&type=01&comType=01	http://icid.iachina.cn/front/viewAllPro.do?columnid=2015111318230001&informationno=2015102911583811&terraceNo=2016072911435517&zj=03&oldTerraceNo=2016062311120952&internetInformationNo=2015102911583811&type=01&comType=01
2016072911435841 2016062311120952 01 01	http://icid.iachina.cn/front/viewTerraceProduct.do?columnid=2015111318230001&informationno=2015102911583811&terraceNo=2016072911435841&zj=03&oldTerraceNo=2016062311120952&internetInformationNo=2015102911583811&type=01&comType=01	http://icid.iachina.cn/front/viewAllPro.do?columnid=2015111318230001&informationno=2015102911583811&terraceNo=2016072911435841&zj=03&oldTerraceNo=2016062311120952&internetInformationNo=2015102911583811&type=01&comType=01
2016072911435425 2016062306057970 01 01	http://icid.iachina.cn/front/viewTerraceProduct.do?columnid=2015111318230001&informationno=2015102911583811&terraceNo=2016072911435425&zj=03&oldTerraceNo=2016062306057970&internetInformationNo=2015102911583811&type=01&comType=01	http://icid.iachina.cn/front/viewAllPro.do?columnid=2015111318230001&informationno=2015102911583811&terraceNo=2016072911435425&zj=03&oldTerraceNo=2016062306057970&internetInformationNo=2015102911583811&type=01&comType=01
2016072911435722 2016062306057970 01 01	http://icid.iachina.cn/front/viewTerraceProduct.do?columnid=2015111318230001&informationno=2015102911583811&terraceNo=2016072911435722&zj=03&oldTerraceNo=2016062306057970&internetInformationNo=2015102911583811&type=01&comType=01	http://icid.iachina.cn/front/viewAllPro.do?columnid=2015111318230001&informationno=2015102911583811&terraceNo=2016072911435722&zj=03&oldTerraceNo=2016062306057970&internetInformationNo=2015102911583811&type=01&comType=01
2016072911435484 2016062310329731 01 01	http://icid.iachina.cn/front/viewTerraceProduct.do?columnid=2015111318230001&informationno=2015102911583811&terraceNo=2016072911435484&zj=03&oldTerraceNo=2016062310329731&internetInformationNo=2015102911583811&type=01&comType=01	http://icid.iachina.cn/front/viewAllPro.do?columnid=2015111318230001&informationno=2015102911583811&terraceNo=2016072911435484&zj=03&oldTerraceNo=2016062310329731&internetInformationNo=2015102911583811&type=01&comType=01
2016072911435808 2016062310329731 01 01	http://icid.iachina.cn/front/viewTerraceProduct.do?columnid=2015111318230001&informationno=2015102911583811&terraceNo=2016072911435808&zj=03&oldTerraceNo=2016062310329731&internetInformationNo=2015102911583811&type=01&comType=01	http://icid.iachina.cn/front/viewAllPro.do?columnid=2015111318230001&informationno=2015102911583811&terraceNo=2016072911435808&zj=03&oldTerraceNo=2016062310329731&internetInformationNo=2015102911583811&type=01&comType=01
2016072911435458 2016062309198712 01 01	http://icid.iachina.cn/front/viewTerraceProduct.do?columnid=2015111318230001&informationno=2015102911583811&terraceNo=2016072911435458&zj=03&oldTerraceNo=2016062309198712&internetInformationNo=2015102911583811&type=01&comType=01	http://icid.iachina.cn/front/viewAllPro.do?columnid=2015111318230001&informationno=2015102911583811&terraceNo=2016072911435458&zj=03&oldTerraceNo=2016062309198712&internetInformationNo=2015102911583811&type=01&comType=01
2016072911435782 2016062309198712 01 01	http://icid.iachina.cn/front/viewTerraceProduct.do?columnid=2015111318230001&informationno=2015102911583811&terraceNo=2016072911435782&zj=03&oldTerraceNo=2016062309198712&internetInformationNo=2015102911583811&type=01&comType=01	http://icid.iachina.cn/front/viewAllPro.do?columnid=2015111318230001&informationno=2015102911583811&terraceNo=2016072911435782&zj=03&oldTerraceNo=2016062309198712&internetInformationNo=2015102911583811&type=01&comType=01
2016072911435436 2016062306258282 01 01	http://icid.iachina.cn/front/viewTerraceProduct.do?columnid=2015111318230001&informationno=2015102911583811&terraceNo=2016072911435436&zj=03&oldTerraceNo=2016062306258282&internetInformationNo=2015102911583811&type=01&comType=01	http://icid.iachina.cn/front/viewAllPro.do?columnid=2015111318230001&informationno=2015102911583811&terraceNo=2016072911435436&zj=03&oldTerraceNo=2016062306258282&internetInformationNo=2015102911583811&type=01&comType=01
2016072911435751 2016062306258282 01 01	http://icid.iachina.cn/front/viewTerraceProduct.do?columnid=2015111318230001&informationno=2015102911583811&terraceNo=2016072911435751&zj=03&oldTerraceNo=2016062306258282&internetInformationNo=2015102911583811&type=01&comType=01	http://icid.iachina.cn/front/viewAllPro.do?columnid=2015111318230001&informationno=2015102911583811&terraceNo=2016072911435751&zj=03&oldTerraceNo=2016062306258282&internetInformationNo=2015102911583811&type=01&comType=01
2016072911435438 2016062306258293 01 01	http://icid.iachina.cn/front/viewTerraceProduct.do?columnid=2015111318230001&informationno=2015102911583811&terraceNo=2016072911435438&zj=03&oldTerraceNo=2016062306258293&internetInformationNo=2015102911583811&type=01&comType=01	http://icid.iachina.cn/front/viewAllPro.do?columnid=2015111318230001&informationno=2015102911583811&terraceNo=2016072911435438&zj=03&oldTerraceNo=2016062306258293&internetInformationNo=2015102911583811&type=01&comType=01
2016072911435762 2016062306258293 01 01	http://icid.iachina.cn/front/viewTerraceProduct.do?columnid=2015111318230001&informationno=2015102911583811&terraceNo=2016072911435762&zj=03&oldTerraceNo=2016062306258293&internetInformationNo=2015102911583811&type=01&comType=01	http://icid.iachina.cn/front/viewAllPro.do?columnid=2015111318230001&informationno=2015102911583811&terraceNo=2016072911435762&zj=03&oldTerraceNo=2016062306258293&internetInformationNo=2015102911583811&type=01&comType=01
